{
	"X":	559.44009999999923,
	"Y":	345.57381943563968,
	"Facing":	1
}